{
  "2007": [{
    "name": "< 680",
    "values": {
      "2": 0.001496073,
      "3": 0.126923915,
      "4": 0.561200924,
      "5": 0.759201816,
      "6": 0.893993805
    }
  }]
}